{
  "model": "models/Qwen3.5-0.8B-Q4_K_M.gguf",
  "peak_ram_mb": 954.46875,
  "seff": 86.36473214285715
}