{
  "model": "models/Qwen3.5-0.8B-Q4_K_M.gguf",
  "peak_ram_mb": 934.2890625,
  "peak_cpu_percent": 392.9,
  "seff": 86.65301339285715
}