{
  "model": "models/MiniCPM5-1B-Q4_K_M.gguf",
  "mean_tps": 19.517627212848563,
  "stdev_tps": 0.6685638449068169,
  "min_tps": 19.00681387045778,
  "max_tps": 20.644042684545266,
  "runs": [
    20.644042684545266,
    19.167255843011166,
    19.60888076635241,
    19.00681387045778,
    19.161142899876193
  ],
  "sperf": 100.0
}