{
  "model": "models/Qwen3.5-0.8B-IMCI-Q4_K_M.gguf",
  "mean_tps": 22.755243217329788,
  "stdev_tps": 1.884689891246271,
  "min_tps": 20.52175573176857,
  "max_tps": 25.06348521818455,
  "runs": [
    22.35120038153666,
    20.52175573176857,
    24.27530437058035,
    25.06348521818455,
    21.56447038457881
  ],
  "sperf": 100.0
}